{
  "s3b_aggregate_kendall_s2c_synthetic_vs_dias_multisequence_mean_dice": -0.3333333333333333,
  "s3b_aggregate_spearman_s2c_synthetic_vs_dias_multisequence_mean_dice": -0.5,
  "s3b_finite_metric_check": 1.0,
  "s3b_frame_count_per_model": 115.0,
  "s3b_medsam_vit_b_dias_multisequence_mean_cldice": 0.27170020266718053,
  "s3b_medsam_vit_b_dias_multisequence_mean_dice": 0.2953272961315869,
  "s3b_medsam_vit_b_dias_multisequence_median_dice": 0.28128469030504866,
  "s3b_medsam_vit_b_s2c_dias_s40_all_frame_mean_dice": 0.21390124855402506,
  "s3b_medsam_vit_b_s2c_synthetic_mean_stressor_dice": 0.2683099580428599,
  "s3b_medsam_vit_b_sequence_mean_dice_mean": 0.2970833911622957,
  "s3b_model_count": 3.0,
  "s3b_sam_vit_b_dias_multisequence_mean_cldice": 0.23905034203974435,
  "s3b_sam_vit_b_dias_multisequence_mean_dice": 0.24047126061117688,
  "s3b_sam_vit_b_dias_multisequence_median_dice": 0.2173303269590991,
  "s3b_sam_vit_b_s2c_dias_s40_all_frame_mean_dice": 0.21131857528530187,
  "s3b_sam_vit_b_s2c_synthetic_mean_stressor_dice": 0.892633475863582,
  "s3b_sam_vit_b_sequence_mean_dice_mean": 0.23740919750852868,
  "s3b_sam_vit_l_dias_multisequence_mean_cldice": 0.26908858866695956,
  "s3b_sam_vit_l_dias_multisequence_mean_dice": 0.2628457985032004,
  "s3b_sam_vit_l_dias_multisequence_median_dice": 0.23044118283759796,
  "s3b_sam_vit_l_s2c_dias_s40_all_frame_mean_dice": 0.1791642796798271,
  "s3b_sam_vit_l_s2c_synthetic_mean_stressor_dice": 0.9621867353873088,
  "s3b_sam_vit_l_sequence_mean_dice_mean": 0.2645383358878646,
  "s3b_sequence_count": 20.0,
  "s3b_sequence_kendall_ci95_high": -0.13333333333333333,
  "s3b_sequence_kendall_ci95_low": -0.6666666666666666,
  "s3b_sequence_kendall_mean": -0.4,
  "s3b_sequence_spearman_ci95_high": -0.125,
  "s3b_sequence_spearman_ci95_low": -0.675,
  "s3b_sequence_spearman_mean": -0.425,
  "s3b_total_prediction_count": 345.0
}
