model_id,display_name,evaluated_sequence_count,evaluated_frame_count,dias_multisequence_mean_dice,dias_multisequence_median_dice,dias_multisequence_mean_cldice,dias_multisequence_mean_sam_score,sequence_mean_dice_mean,sequence_mean_dice_min,sequence_mean_dice_max,s2c_synthetic_clean_dice,s2c_synthetic_mean_stressor_dice,s2c_dias_s40_all_frame_mean_dice
medsam_vit_b,MedSAM ViT-B,20,115,0.2953272961315869,0.28128469030504866,0.27170020266718053,0.6106105270593063,0.2970833911622957,0.1666473464939386,0.47887878770467673,0.25539705183071804,0.2683099580428599,0.21390124855402506
sam_vit_b,SAM ViT-B,20,115,0.24047126061117688,0.2173303269590991,0.23905034203974435,0.9787089835042538,0.23740919750852868,0.16889568452538883,0.4424582011424582,0.9810482128526452,0.892633475863582,0.21131857528530187
sam_vit_l,SAM ViT-L,20,115,0.2628457985032004,0.23044118283759796,0.26908858866695956,0.9741075945937115,0.2645383358878646,0.1394958030075124,0.49079609836400173,0.9751922599851154,0.9621867353873088,0.1791642796798271
