{
  "s3a_aggregate_kendall_s2c_synthetic_vs_dias_multisequence_mean_dice": -0.3333333333333333,
  "s3a_aggregate_spearman_s2c_synthetic_vs_dias_multisequence_mean_dice": -0.5,
  "s3a_finite_metric_check": 1.0,
  "s3a_frame_count_per_model": 31.0,
  "s3a_medsam_vit_b_dias_multisequence_mean_cldice": 0.22042711910700946,
  "s3a_medsam_vit_b_dias_multisequence_mean_dice": 0.25308913837598945,
  "s3a_medsam_vit_b_dias_multisequence_median_dice": 0.2527168817616318,
  "s3a_medsam_vit_b_s2c_dias_s40_all_frame_mean_dice": 0.21390124855402506,
  "s3a_medsam_vit_b_s2c_synthetic_mean_stressor_dice": 0.2683099580428599,
  "s3a_medsam_vit_b_sequence_mean_dice_mean": 0.2574255051985012,
  "s3a_model_count": 3.0,
  "s3a_sam_vit_b_dias_multisequence_mean_cldice": 0.23637272136036958,
  "s3a_sam_vit_b_dias_multisequence_mean_dice": 0.2097167896522861,
  "s3a_sam_vit_b_dias_multisequence_median_dice": 0.20884762975999335,
  "s3a_sam_vit_b_s2c_dias_s40_all_frame_mean_dice": 0.21131857528530187,
  "s3a_sam_vit_b_s2c_synthetic_mean_stressor_dice": 0.892633475863582,
  "s3a_sam_vit_b_sequence_mean_dice_mean": 0.21073802649141835,
  "s3a_sam_vit_l_dias_multisequence_mean_cldice": 0.2670454995315441,
  "s3a_sam_vit_l_dias_multisequence_mean_dice": 0.22040640655199611,
  "s3a_sam_vit_l_dias_multisequence_median_dice": 0.20909461829476442,
  "s3a_sam_vit_l_s2c_dias_s40_all_frame_mean_dice": 0.1791642796798271,
  "s3a_sam_vit_l_s2c_synthetic_mean_stressor_dice": 0.9621867353873088,
  "s3a_sam_vit_l_sequence_mean_dice_mean": 0.2268546587741723,
  "s3a_sequence_count": 5.0,
  "s3a_sequence_kendall_ci95_high": -0.06666666666666667,
  "s3a_sequence_kendall_ci95_low": -0.8666666666666668,
  "s3a_sequence_kendall_mean": -0.4666666666666667,
  "s3a_sequence_spearman_ci95_high": 0.0,
  "s3a_sequence_spearman_ci95_low": -0.9,
  "s3a_sequence_spearman_mean": -0.5,
  "s3a_total_prediction_count": 93.0
}
