{
  "rows": [
    {
      "dias_multisequence_mean_cldice": 0.22042711910700946,
      "dias_multisequence_mean_dice": 0.25308913837598945,
      "dias_multisequence_mean_sam_score": 0.6250998550845731,
      "dias_multisequence_median_dice": 0.2527168817616318,
      "display_name": "MedSAM ViT-B",
      "evaluated_frame_count": 31,
      "evaluated_sequence_count": 5,
      "model_id": "medsam_vit_b",
      "s2c_dias_s40_all_frame_mean_dice": 0.21390124855402506,
      "s2c_synthetic_clean_dice": 0.25539705183071804,
      "s2c_synthetic_mean_stressor_dice": 0.2683099580428599,
      "sequence_mean_dice_max": 0.333567746923666,
      "sequence_mean_dice_mean": 0.2574255051985012,
      "sequence_mean_dice_min": 0.21390124855402506
    },
    {
      "dias_multisequence_mean_cldice": 0.23637272136036958,
      "dias_multisequence_mean_dice": 0.2097167896522861,
      "dias_multisequence_mean_sam_score": 0.9976781049082356,
      "dias_multisequence_median_dice": 0.20884762975999335,
      "display_name": "SAM ViT-B",
      "evaluated_frame_count": 31,
      "evaluated_sequence_count": 5,
      "model_id": "sam_vit_b",
      "s2c_dias_s40_all_frame_mean_dice": 0.21131857528530187,
      "s2c_synthetic_clean_dice": 0.9810482128526452,
      "s2c_synthetic_mean_stressor_dice": 0.892633475863582,
      "sequence_mean_dice_max": 0.25722491471286174,
      "sequence_mean_dice_mean": 0.21073802649141835,
      "sequence_mean_dice_min": 0.18022218710608856
    },
    {
      "dias_multisequence_mean_cldice": 0.2670454995315441,
      "dias_multisequence_mean_dice": 0.22040640655199611,
      "dias_multisequence_mean_sam_score": 0.990977817966092,
      "dias_multisequence_median_dice": 0.20909461829476442,
      "display_name": "SAM ViT-L",
      "evaluated_frame_count": 31,
      "evaluated_sequence_count": 5,
      "model_id": "sam_vit_l",
      "s2c_dias_s40_all_frame_mean_dice": 0.1791642796798271,
      "s2c_synthetic_clean_dice": 0.9751922599851154,
      "s2c_synthetic_mean_stressor_dice": 0.9621867353873088,
      "sequence_mean_dice_max": 0.291425878976559,
      "sequence_mean_dice_mean": 0.2268546587741723,
      "sequence_mean_dice_min": 0.1699972760223567
    }
  ]
}
