{
  "rows": [
    {
      "cathaction_prediction_nonempty_rate": 1.0,
      "cathaction_sample_mean_area_ratio": 9.189745959484494,
      "cathaction_sample_mean_cldice": 0.05782871432914471,
      "cathaction_sample_mean_dice": 0.08171376281972836,
      "cathaction_sample_min_cldice": 0.0,
      "cathaction_sample_min_dice": 0.00042762454564892024,
      "model_id": "medsam_vit_b"
    },
    {
      "cathaction_prediction_nonempty_rate": 1.0,
      "cathaction_sample_mean_area_ratio": 9.462109424317656,
      "cathaction_sample_mean_cldice": 0.4664245104382771,
      "cathaction_sample_mean_dice": 0.4306847770758381,
      "cathaction_sample_min_cldice": 0.023240241068263282,
      "cathaction_sample_min_dice": 0.040098922451863625,
      "model_id": "sam_vit_b"
    },
    {
      "cathaction_prediction_nonempty_rate": 1.0,
      "cathaction_sample_mean_area_ratio": 9.309671533223394,
      "cathaction_sample_mean_cldice": 0.32704955886426146,
      "cathaction_sample_mean_dice": 0.32971383702509893,
      "cathaction_sample_min_cldice": 0.0,
      "cathaction_sample_min_dice": 0.048502986900393105,
      "model_id": "sam_vit_l"
    }
  ]
}
