model_id,display_name,evaluated_sequence_count,evaluated_frame_count,dias_multisequence_mean_dice,dias_multisequence_median_dice,dias_multisequence_mean_cldice,dias_multisequence_mean_sam_score,sequence_mean_dice_mean,sequence_mean_dice_min,sequence_mean_dice_max,s2c_synthetic_clean_dice,s2c_synthetic_mean_stressor_dice,s2c_dias_s40_all_frame_mean_dice
medsam_vit_b,MedSAM ViT-B,1,1,0.21987694265341434,0.21987694265341434,0.18369510066663222,0.633190929889679,0.21987694265341434,0.21987694265341434,0.21987694265341434,0.25539705183071804,0.2683099580428599,0.21390124855402506
sam_vit_b,SAM ViT-B,1,1,0.20884762975999335,0.20884762975999335,0.2604164433232135,1.0069729089736938,0.20884762975999335,0.20884762975999335,0.20884762975999335,0.9810482128526452,0.892633475863582,0.21131857528530187
sam_vit_l,SAM ViT-L,1,1,0.17988978102299719,0.17988978102299719,0.184709104874551,1.0132709741592407,0.17988978102299719,0.17988978102299719,0.17988978102299719,0.9751922599851154,0.9621867353873088,0.1791642796798271
