{
  "rows": [
    {
      "dias_all_frame_mean_cldice": 0.18369510066663222,
      "dias_all_frame_mean_dice": 0.21987694265341434,
      "dias_contrast_phase_severity2_dice_delta_vs_severity0": 0.0,
      "dias_frame_thinning_severity2_dice_delta_vs_severity0": 0.0,
      "dias_min_frame_cldice": 0.18369510066663222,
      "dias_min_frame_dice": 0.21987694265341434,
      "dias_prediction_nonempty_rate": 1.0,
      "model_id": "medsam_vit_b",
      "synthetic_clean_cldice": 0.23318951733744522,
      "synthetic_clean_dice": 0.25539705183071804,
      "synthetic_mean_stressor_cldice": 0.23318951733744522,
      "synthetic_mean_stressor_dice": 0.25539705183071804,
      "synthetic_mean_stressor_dice_delta_vs_clean": 0.0,
      "synthetic_min_stressor_cldice": 0.23318951733744522,
      "synthetic_min_stressor_dice": 0.25539705183071804
    },
    {
      "dias_all_frame_mean_cldice": 0.2604164433232135,
      "dias_all_frame_mean_dice": 0.20884762975999335,
      "dias_contrast_phase_severity2_dice_delta_vs_severity0": 0.0,
      "dias_frame_thinning_severity2_dice_delta_vs_severity0": 0.0,
      "dias_min_frame_cldice": 0.2604164433232135,
      "dias_min_frame_dice": 0.20884762975999335,
      "dias_prediction_nonempty_rate": 1.0,
      "model_id": "sam_vit_b",
      "synthetic_clean_cldice": 0.9990412272291467,
      "synthetic_clean_dice": 0.9810482128526452,
      "synthetic_mean_stressor_cldice": 0.9990412272291467,
      "synthetic_mean_stressor_dice": 0.9810482128526452,
      "synthetic_mean_stressor_dice_delta_vs_clean": 0.0,
      "synthetic_min_stressor_cldice": 0.9990412272291467,
      "synthetic_min_stressor_dice": 0.9810482128526452
    },
    {
      "dias_all_frame_mean_cldice": 0.184709104874551,
      "dias_all_frame_mean_dice": 0.17988978102299719,
      "dias_contrast_phase_severity2_dice_delta_vs_severity0": 0.0,
      "dias_frame_thinning_severity2_dice_delta_vs_severity0": 0.0,
      "dias_min_frame_cldice": 0.184709104874551,
      "dias_min_frame_dice": 0.17988978102299719,
      "dias_prediction_nonempty_rate": 1.0,
      "model_id": "sam_vit_l",
      "synthetic_clean_cldice": 0.9980806142034548,
      "synthetic_clean_dice": 0.9751922599851154,
      "synthetic_mean_stressor_cldice": 0.9980806142034548,
      "synthetic_mean_stressor_dice": 0.9751922599851154,
      "synthetic_mean_stressor_dice_delta_vs_clean": 0.0,
      "synthetic_min_stressor_cldice": 0.9980806142034548,
      "synthetic_min_stressor_dice": 0.9751922599851154
    }
  ]
}
