{
  "s2c_dias_frame_count_per_model": 6.0,
  "s2c_finite_metric_check": 1.0,
  "s2c_medsam_vit_b_dias_all_frame_mean_cldice": 0.13894415326050708,
  "s2c_medsam_vit_b_dias_all_frame_mean_dice": 0.21390124855402506,
  "s2c_medsam_vit_b_dias_contrast_phase_severity2_dice_delta_vs_severity0": -0.0002503915183459937,
  "s2c_medsam_vit_b_dias_frame_thinning_severity2_dice_delta_vs_severity0": 0.0014820189423495889,
  "s2c_medsam_vit_b_dias_min_frame_cldice": 0.10874538385588296,
  "s2c_medsam_vit_b_dias_min_frame_dice": 0.21088959233933494,
  "s2c_medsam_vit_b_dias_prediction_nonempty_rate": 1.0,
  "s2c_medsam_vit_b_synthetic_clean_cldice": 0.23318951733744522,
  "s2c_medsam_vit_b_synthetic_clean_dice": 0.25539705183071804,
  "s2c_medsam_vit_b_synthetic_mean_stressor_cldice": 0.2479049986269016,
  "s2c_medsam_vit_b_synthetic_mean_stressor_dice": 0.2683099580428599,
  "s2c_medsam_vit_b_synthetic_mean_stressor_dice_delta_vs_clean": 0.01291290621214192,
  "s2c_medsam_vit_b_synthetic_min_stressor_cldice": 0.22381904563850719,
  "s2c_medsam_vit_b_synthetic_min_stressor_dice": 0.24476502943163175,
  "s2c_model_count": 3.0,
  "s2c_ranked_model_count": 3.0,
  "s2c_sam_vit_b_dias_all_frame_mean_cldice": 0.2344899136404658,
  "s2c_sam_vit_b_dias_all_frame_mean_dice": 0.21131857528530187,
  "s2c_sam_vit_b_dias_contrast_phase_severity2_dice_delta_vs_severity0": 0.0056035950660932865,
  "s2c_sam_vit_b_dias_frame_thinning_severity2_dice_delta_vs_severity0": -0.0005932835787929025,
  "s2c_sam_vit_b_dias_min_frame_cldice": 0.20649020662110537,
  "s2c_sam_vit_b_dias_min_frame_dice": 0.20569080958470795,
  "s2c_sam_vit_b_dias_prediction_nonempty_rate": 1.0,
  "s2c_sam_vit_b_synthetic_clean_cldice": 0.9990412272291467,
  "s2c_sam_vit_b_synthetic_clean_dice": 0.9810482128526452,
  "s2c_sam_vit_b_synthetic_mean_stressor_cldice": 0.920166815700077,
  "s2c_sam_vit_b_synthetic_mean_stressor_dice": 0.892633475863582,
  "s2c_sam_vit_b_synthetic_mean_stressor_dice_delta_vs_clean": -0.08841473698906317,
  "s2c_sam_vit_b_synthetic_min_stressor_cldice": 0.6424506218998289,
  "s2c_sam_vit_b_synthetic_min_stressor_dice": 0.5602697899102219,
  "s2c_sam_vit_l_dias_all_frame_mean_cldice": 0.20054321584737142,
  "s2c_sam_vit_l_dias_all_frame_mean_dice": 0.1791642796798271,
  "s2c_sam_vit_l_dias_contrast_phase_severity2_dice_delta_vs_severity0": 0.010608571731564903,
  "s2c_sam_vit_l_dias_frame_thinning_severity2_dice_delta_vs_severity0": 0.00010972982735327208,
  "s2c_sam_vit_l_dias_min_frame_cldice": 0.18087662337536436,
  "s2c_sam_vit_l_dias_min_frame_dice": 0.17340681703572633,
  "s2c_sam_vit_l_dias_prediction_nonempty_rate": 1.0,
  "s2c_sam_vit_l_synthetic_clean_cldice": 0.9980806142034548,
  "s2c_sam_vit_l_synthetic_clean_dice": 0.9751922599851154,
  "s2c_sam_vit_l_synthetic_mean_stressor_cldice": 0.9660556448745515,
  "s2c_sam_vit_l_synthetic_mean_stressor_dice": 0.9621867353873088,
  "s2c_sam_vit_l_synthetic_mean_stressor_dice_delta_vs_clean": -0.013005524597806524,
  "s2c_sam_vit_l_synthetic_min_stressor_cldice": 0.8492660041366089,
  "s2c_sam_vit_l_synthetic_min_stressor_dice": 0.9174072757435715,
  "s2c_spearman_synthetic_mean_vs_dias_mean_dice": -1.0,
  "s2c_synthetic_item_count_per_model": 10.0,
  "s2c_total_prediction_count": 48.0,
  "topcow_gt_sanity_graph_ready_rate": 1.0,
  "topcow_gt_sanity_mean_cldice": 1.0,
  "topcow_gt_sanity_mean_dice": 1.0,
  "topcow_resencm_one_case_graph_ready_rate": 1.0,
  "topcow_resencm_one_case_mean_cldice": 0.6285484218960072,
  "topcow_resencm_one_case_mean_dice": 0.6984658547796687
}
